-------------------------------------------------
-- USUARIOS/CUIDADOR
INSERT INTO usuario (usuario_id, nombre, apellidos, fecha_nacimiento, dni, pass, direccion, telefono, email, bio, roles, p_relacion_cuidador, c_tipo, e_especialidad, e_centro) VALUES (10001,STRINGTOUTF8 (U&'J\00e1hn'),'Doe','1999-04-04','Y1234567W','$2a$12$IIYwXMf22f/xdtrORCTq/uEETrsf727zqN6o8.3Z31F0VwR5SE.ky','Plaza Remedy 6',600000001,'johndoe.cuidador@mail.com','Sunt est soluta temporibus accusantium neque nam maiores cumque temporibus. Tempora libero non est unde veniam est qui dolor. Ut sunt iure rerum quae quisquam autem eveniet perspiciatis odit. Fuga sequi sed ea saepe at unde.','CUIDADOR',NULL,'Informal',NULL,NULL);

-------------------------------------------------
-- USUARIOS/USUARIO
INSERT INTO usuario (usuario_id, nombre, apellidos, fecha_nacimiento, dni, pass, direccion, telefono, email, bio, roles, p_relacion_cuidador, c_tipo, e_especialidad, e_centro) VALUES (10002,'Mary','Jane','1969-04-04','Y1234568W','$2a$12$IIYwXMf22f/xdtrORCTq/uEETrsf727zqN6o8.3Z31F0VwR5SE.ky','Calle Riverdale 4',600000002,'maryjane.usuario@mail.com','Sunt est soluta temporibus accusantium neque nam maiores cumque temporibus. Tempora libero non est unde veniam est qui dolor. Ut sunt iure rerum quae quisquam autem eveniet perspiciatis odit. Fuga sequi sed ea saepe at unde.', 'USUARIO', 'Hijo',NULL,NULL,NULL);
INSERT INTO usuario (usuario_id, nombre, apellidos, fecha_nacimiento, dni, pass, direccion, telefono, email, bio, roles, p_relacion_cuidador, c_tipo, e_especialidad, e_centro) VALUES (10004,'Harry','Jane','1970-04-04','Y1234570W','$2a$12$IIYwXMf22f/xdtrORCTq/uEETrsf727zqN6o8.3Z31F0VwR5SE.ky','Calle Riverdale 5',600000004,'maryjane.usuario@mail.com','Sunt est soluta temporibus accusantium neque nam maiores cumque temporibus. Tempora libero non est unde veniam est qui dolor. Ut sunt iure rerum quae quisquam autem eveniet perspiciatis odit. Fuga sequi sed ea saepe at unde.', 'USUARIO', 'Sobrino',NULL,NULL,NULL);
INSERT INTO usuario (usuario_id, nombre, apellidos, fecha_nacimiento, dni, pass, direccion, telefono, email, bio, roles, p_relacion_cuidador, c_tipo, e_especialidad, e_centro) VALUES (10005,'Louis','Jane','1950-04-04','Y1234571W','$2a$12$IIYwXMf22f/xdtrORCTq/uEETrsf727zqN6o8.3Z31F0VwR5SE.ky','Calle Riverdale 6',600000005,'maryjane.usuario@mail.com','Sunt est soluta temporibus accusantium neque nam maiores cumque temporibus. Tempora libero non est unde veniam est qui dolor. Ut sunt iure rerum quae quisquam autem eveniet perspiciatis odit. Fuga sequi sed ea saepe at unde.', 'USUARIO', 'Sobrino',NULL,NULL,NULL);

-------------------------------------------------
-- USUARIOS/ESPECIALISTA
INSERT INTO usuario (usuario_id, nombre, apellidos, fecha_nacimiento, dni, pass, direccion, telefono, email, bio, roles, p_relacion_cuidador, c_tipo, e_especialidad, e_centro) VALUES (10003,'Isabel','Fire','1989-04-04','Y1234569W','$2a$12$IIYwXMf22f/xdtrORCTq/uEETrsf727zqN6o8.3Z31F0VwR5SE.ky','Calle Playa Azul',600000003,'isabelfire.especialista@mail.com','Sunt est soluta temporibus accusantium neque nam maiores cumque temporibus. Tempora libero non est unde veniam est qui dolor. Ut sunt iure rerum quae quisquam autem eveniet perspiciatis odit. Fuga sequi sed ea saepe at unde.', 'ESPECIALISTA', NULL,NULL,'Neuropsicologia','Centro Laguna Verde');
INSERT INTO usuario (usuario_id, nombre, apellidos, fecha_nacimiento, dni, pass, direccion, telefono, email, bio, roles, p_relacion_cuidador, c_tipo, e_especialidad, e_centro) VALUES (10006,'Carol','Bridge','1985-04-04','Y1234572W','$2a$12$IIYwXMf22f/xdtrORCTq/uEETrsf727zqN6o8.3Z31F0VwR5SE.ky','Calle Playa Verde',600000006,'carolbridge.especialista@mail.com','Sunt est soluta temporibus accusantium neque nam maiores cumque temporibus. Tempora libero non est unde veniam est qui dolor. Ut sunt iure rerum quae quisquam autem eveniet perspiciatis odit. Fuga sequi sed ea saepe at unde.', 'ESPECIALISTA', NULL,NULL,'Neuropsicologia','Centro Laguna Azul');

-------------------------------------------------
-- PROGRAMAS
INSERT INTO programa (programa_id, usuario_id, titulo, area, descripcion, duracion, puntuacion, publico) VALUES (10001,10006,'Memoria I','Memoria','Este programa contiene ejercicios con preguntas relacionadas con la habilidad cognitiva de la memoria.',3,0,'false');
INSERT INTO programa (programa_id, usuario_id, titulo, area, descripcion, duracion, puntuacion, publico) VALUES (10002,10003,'Percepcion I',STRINGTOUTF8 (U&'Percepci\00f3n'),'Este programa contiene ejercicios con preguntas relacionadas con la habilidad cognitiva de la percepcion.',3,0,'true');
INSERT INTO programa (programa_id, usuario_id, titulo, area, descripcion, duracion, puntuacion, publico) VALUES (10003,10003,'Atencion I',STRINGTOUTF8 (U&'Atenci\00f3n'),'Este programa contiene ejercicios con preguntas relacionadas con la habilidad cognitiva de la atencion.',3,0,'false');
INSERT INTO programa (programa_id, usuario_id, titulo, area, descripcion, duracion, puntuacion, publico) VALUES (10004,10003,'Comprension I',STRINGTOUTF8 (U&'Comprensi\00f3n'),'Este programa contiene ejercicios con preguntas relacionadas con la habilidad cognitiva de la comprension.',3,0,'false');
INSERT INTO programa (programa_id, usuario_id, titulo, area, descripcion, duracion, puntuacion, publico) VALUES (10005,10006,'Lenguaje','Lenguaje','Este programa contiene ejercicios con preguntas relacionadas con la habilidad cognitiva del lenguaje.',3,0,'false');
INSERT INTO programa (programa_id, usuario_id, titulo, area, descripcion, duracion, puntuacion, publico) VALUES (10006,10006,'Razonamiento','Razonamiento','Este programa contiene ejercicios con preguntas relacionadas con la habilidad cognitiva del razonamiento.',3,0,'false');

-------------------------------------------------
-- EJERCICIOS
INSERT INTO ejercicio (ejercicio_id, titulo, descripcion, duracion, publico, usuario_id) VALUES (10001,'Identifica I','En este ejercicio tendras que responder a varias preguntas para entrenar tu percepcion.', 5, 'true', 10003);
INSERT INTO ejercicio (ejercicio_id, titulo, descripcion, duracion, publico, usuario_id) VALUES (10002,'Identifica II','En este ejercicio tendras que responder a varias preguntas para entrenar tu percepcion.', 5, 'true', 10006);

-------------------------------------------------
-- PREGUNTAS 
---- Random (completa + 4 unique)
INSERT INTO pregunta (pregunta_id, publico, usuario_id, tipo, descripcion, question, link_question, answer, option_1, link_option_1, is_correct_1, option_2, link_option_2, is_correct_2, option_3, link_option_3, is_correct_3, option_4, link_option_4, is_correct_4) VALUES (10001, 'true', 10003, 'COMPLETA', 'Completa la siguiente frase.', 'Por las mananas siempre sale el', NULL, 'sol', NULL, NULL, NULL, NULL, NULL, NULL, NULL, NULL, NULL, NULL, NULL, NULL);
INSERT INTO pregunta (pregunta_id, publico, usuario_id, tipo, descripcion, question, link_question, answer, option_1, link_option_1, is_correct_1, option_2, link_option_2, is_correct_2, option_3, link_option_3, is_correct_3, option_4, link_option_4, is_correct_4) VALUES (10002, 'true', 10003, 'UNIQUE', 'Elige la respuesta correcta a la pregunta.', 'Es una botella?', 'https://blogs.elpais.com/.a/6a00d8341bfb1653ef0168e669dd1e970c-pi', 'Si', 'Si', NULL, 'true', 'No', NULL, 'false', NULL, NULL, NULL, NULL, NULL, NULL);
INSERT INTO pregunta (pregunta_id, publico, usuario_id, tipo, descripcion, question, link_question, answer, option_1, link_option_1, is_correct_1, option_2, link_option_2, is_correct_2, option_3, link_option_3, is_correct_3, option_4, link_option_4, is_correct_4) VALUES (10003, 'true', 10003, 'UNIQUE', 'Elige la respuesta correcta a la pregunta.', 'Es una botella?', 'https://cdn-images.motor.es/image/m/800w/fotos-noticias/2022/05/un-buen-coche-usado-sigue-siendo-un-buen-coche-si-esta-cuidado-202287104-1652993686_1.jpg', 'No', 'Si', NULL, 'false', 'No', NULL, 'true', NULL, NULL, NULL, NULL, NULL, NULL);
INSERT INTO pregunta (pregunta_id, publico, usuario_id, tipo, descripcion, question, link_question, answer, option_1, link_option_1, is_correct_1, option_2, link_option_2, is_correct_2, option_3, link_option_3, is_correct_3, option_4, link_option_4, is_correct_4) VALUES (10004, 'true', 10006, 'UNIQUE', 'Elige la respuesta correcta a la pregunta.', 'En que imagen se ve una botella?', NULL, 'Botella', 'Mesa', 'https://www.ikea.com/es/es/images/products/ekedalen-mesa-extensible-roble__0736974_pe740838_s5.jpg', 'false', 'Telefono', 'https://upload.wikimedia.org/wikipedia/commons/thumb/5/50/%D0%A0%D0%B0%D0%B4%D0%B8%D0%BE%D1%82%D0%B5%D0%BB%D0%B5%D1%84%D0%BE%D0%BD.jpg/1200px-%D0%A0%D0%B0%D0%B4%D0%B8%D0%BE%D1%82%D0%B5%D0%BB%D0%B5%D1%84%D0%BE%D0%BD.jpg', 'false', 'Botella', 'https://blogs.elpais.com/.a/6a00d8341bfb1653ef0168e669dd1e970c-pi', 'true', 'Libros', 'https://www3.gobiernodecanarias.org/medusa/edublog/ceippepemonagas/wp-content/uploads/sites/335/2017/05/libro.jpg', 'false');
INSERT INTO pregunta (pregunta_id, publico, usuario_id, tipo, descripcion, question, link_question, answer, option_1, link_option_1, is_correct_1, option_2, link_option_2, is_correct_2, option_3, link_option_3, is_correct_3, option_4, link_option_4, is_correct_4) VALUES (10005, 'true', 10006, 'UNIQUE', 'Elige la respuesta correcta a la pregunta.', 'Es un triangulo?', 'https://www.masscience.com/wp-content/uploads/2019/10/trrrrr-1.jpg', 'Si', 'Si', NULL, 'true', 'No', NULL, 'false', NULL, NULL, NULL, NULL, NULL, NULL);

---- Completa_Frase (completa)
INSERT INTO pregunta (pregunta_id, publico, usuario_id, tipo, descripcion, question, link_question, answer, option_1, link_option_1, is_correct_1, option_2, link_option_2, is_correct_2, option_3, link_option_3, is_correct_3, option_4, link_option_4, is_correct_4) VALUES (10006, 'true', 10003, 'COMPLETA', 'Completa la siguiente frase.', 'Me gusta mucho jugar con mis ', NULL, 'amigos', NULL, NULL, NULL, NULL, NULL, NULL, NULL, NULL, NULL, NULL, NULL, NULL);
INSERT INTO pregunta (pregunta_id, publico, usuario_id, tipo, descripcion, question, link_question, answer, option_1, link_option_1, is_correct_1, option_2, link_option_2, is_correct_2, option_3, link_option_3, is_correct_3, option_4, link_option_4, is_correct_4) VALUES (10007, 'true', 10003, 'COMPLETA', 'Completa la siguiente frase.', 'Cuando me levanto por la mañana me tomo el ', NULL, 'desayuno', NULL, NULL, NULL, NULL, NULL, NULL, NULL, NULL, NULL, NULL, NULL, NULL);
INSERT INTO pregunta (pregunta_id, publico, usuario_id, tipo, descripcion, question, link_question, answer, option_1, link_option_1, is_correct_1, option_2, link_option_2, is_correct_2, option_3, link_option_3, is_correct_3, option_4, link_option_4, is_correct_4) VALUES (10008, 'false', 10003, 'COMPLETA', 'Completa la siguiente frase.', 'Los ninos aprenden muchas cosas en el ', NULL, 'colegio', NULL, NULL, NULL, NULL, NULL, NULL, NULL, NULL, NULL, NULL, NULL, NULL);
INSERT INTO pregunta (pregunta_id, publico, usuario_id, tipo, descripcion, question, link_question, answer, option_1, link_option_1, is_correct_1, option_2, link_option_2, is_correct_2, option_3, link_option_3, is_correct_3, option_4, link_option_4, is_correct_4) VALUES (10009, 'false', 10003, 'COMPLETA', 'Completa la siguiente frase.', 'Los medicamentos se compran en la ', NULL, 'farmacia', NULL, NULL, NULL, NULL, NULL, NULL, NULL, NULL, NULL, NULL, NULL, NULL);
INSERT INTO pregunta (pregunta_id, publico, usuario_id, tipo, descripcion, question, link_question, answer, option_1, link_option_1, is_correct_1, option_2, link_option_2, is_correct_2, option_3, link_option_3, is_correct_3, option_4, link_option_4, is_correct_4) VALUES (10010, 'false', 10003, 'COMPLETA', 'Completa la siguiente frase.', 'El pan se compra en la ', NULL, 'panaderia', NULL, NULL, NULL, NULL, NULL, NULL, NULL, NULL, NULL, NULL, NULL, NULL);
INSERT INTO pregunta (pregunta_id, publico, usuario_id, tipo, descripcion, question, link_question, answer, option_1, link_option_1, is_correct_1, option_2, link_option_2, is_correct_2, option_3, link_option_3, is_correct_3, option_4, link_option_4, is_correct_4) VALUES (10011, 'false', 10003, 'COMPLETA', 'Completa la siguiente frase.', 'Los barcos van por el ', NULL, 'mar', NULL, NULL, NULL, NULL, NULL, NULL, NULL, NULL, NULL, NULL, NULL, NULL);
INSERT INTO pregunta (pregunta_id, publico, usuario_id, tipo, descripcion, question, link_question, answer, option_1, link_option_1, is_correct_1, option_2, link_option_2, is_correct_2, option_3, link_option_3, is_correct_3, option_4, link_option_4, is_correct_4) VALUES (10012, 'false', 10003, 'COMPLETA', 'Completa la siguiente frase.', 'Los aviones van por el ', NULL, 'aire', NULL, NULL, NULL, NULL, NULL, NULL, NULL, NULL, NULL, NULL, NULL, NULL);
INSERT INTO pregunta (pregunta_id, publico, usuario_id, tipo, descripcion, question, link_question, answer, option_1, link_option_1, is_correct_1, option_2, link_option_2, is_correct_2, option_3, link_option_3, is_correct_3, option_4, link_option_4, is_correct_4) VALUES (10013, 'false', 10003, 'COMPLETA', 'Completa la siguiente frase.', 'Las estrellas se observan por la ', NULL, 'noche', NULL, NULL, NULL, NULL, NULL, NULL, NULL, NULL, NULL, NULL, NULL, NULL);
INSERT INTO pregunta (pregunta_id, publico, usuario_id, tipo, descripcion, question, link_question, answer, option_1, link_option_1, is_correct_1, option_2, link_option_2, is_correct_2, option_3, link_option_3, is_correct_3, option_4, link_option_4, is_correct_4) VALUES (10014, 'false', 10003, 'COMPLETA', 'Completa la siguiente frase.', 'Me bano en la ', NULL, 'piscina', NULL, NULL, NULL, NULL, NULL, NULL, NULL, NULL, NULL, NULL, NULL, NULL);
INSERT INTO pregunta (pregunta_id, publico, usuario_id, tipo, descripcion, question, link_question, answer, option_1, link_option_1, is_correct_1, option_2, link_option_2, is_correct_2, option_3, link_option_3, is_correct_3, option_4, link_option_4, is_correct_4) VALUES (10015, 'false', 10003, 'COMPLETA', 'Completa la siguiente frase.', 'Saco punta al lapiz con el ', NULL, 'sacapuntas', NULL, NULL, NULL, NULL, NULL, NULL, NULL, NULL, NULL, NULL, NULL, NULL);

---- Descripcion I (completa)
INSERT INTO pregunta (pregunta_id, publico, usuario_id, tipo, descripcion, question, link_question, answer, option_1, link_option_1, is_correct_1, option_2, link_option_2, is_correct_2, option_3, link_option_3, is_correct_3, option_4, link_option_4, is_correct_4) VALUES (10016, 'false', 10006, 'COMPLETA', 'Lea la siguiente frase y elija la palabra adecuada cuya descripcion se asemeja a la dada.', 'Objeto de metal con el que abrimos y cerramos puertas, que se mete en la cerradura y se gira.', NULL, 'llave', NULL, NULL, NULL, NULL, NULL, NULL, NULL, NULL, NULL, NULL, NULL, NULL);
INSERT INTO pregunta (pregunta_id, publico, usuario_id, tipo, descripcion, question, link_question, answer, option_1, link_option_1, is_correct_1, option_2, link_option_2, is_correct_2, option_3, link_option_3, is_correct_3, option_4, link_option_4, is_correct_4) VALUES (10017, 'false', 10006, 'COMPLETA', 'Lea la siguiente frase y elija la palabra adecuada cuya descripcion se asemeja a la dada.', 'Organo del cuerpo que mueve la sangre.', NULL, 'corazon', NULL, NULL, NULL, NULL, NULL, NULL, NULL, NULL, NULL, NULL, NULL, NULL);
INSERT INTO pregunta (pregunta_id, publico, usuario_id, tipo, descripcion, question, link_question, answer, option_1, link_option_1, is_correct_1, option_2, link_option_2, is_correct_2, option_3, link_option_3, is_correct_3, option_4, link_option_4, is_correct_4) VALUES (10018, 'false', 10006, 'COMPLETA', 'Lea la siguiente frase y elija la palabra adecuada cuya descripcion se asemeja a la dada.', 'Objeto que usamos para peinarnos.', NULL, 'peine', NULL, NULL, NULL, NULL, NULL, NULL, NULL, NULL, NULL, NULL, NULL, NULL);
INSERT INTO pregunta (pregunta_id, publico, usuario_id, tipo, descripcion, question, link_question, answer, option_1, link_option_1, is_correct_1, option_2, link_option_2, is_correct_2, option_3, link_option_3, is_correct_3, option_4, link_option_4, is_correct_4) VALUES (10019, 'false', 10006, 'COMPLETA', 'Lea la siguiente frase y elija la palabra adecuada cuya descripcion se asemeja a la dada.', 'Objeto que nos protege de la lluvia que se abre y cierra.', NULL, 'paraguas', NULL, NULL, NULL, NULL, NULL, NULL, NULL, NULL, NULL, NULL, NULL, NULL);
INSERT INTO pregunta (pregunta_id, publico, usuario_id, tipo, descripcion, question, link_question, answer, option_1, link_option_1, is_correct_1, option_2, link_option_2, is_correct_2, option_3, link_option_3, is_correct_3, option_4, link_option_4, is_correct_4) VALUES (10020, 'false', 10006, 'COMPLETA', 'Lea la siguiente frase y elija la palabra adecuada cuya descripcion se asemeja a la dada.', 'Cubren los pies y sirven para caminar.', NULL, 'zapatos', NULL, NULL, NULL, NULL, NULL, NULL, NULL, NULL, NULL, NULL, NULL, NULL);
INSERT INTO pregunta (pregunta_id, publico, usuario_id, tipo, descripcion, question, link_question, answer, option_1, link_option_1, is_correct_1, option_2, link_option_2, is_correct_2, option_3, link_option_3, is_correct_3, option_4, link_option_4, is_correct_4) VALUES (10021, 'false', 10006, 'COMPLETA', 'Lea la siguiente frase y elija la palabra adecuada cuya descripcion se asemeja a la dada.', 'Parte del cuerpo que nos permite oir.', NULL, 'oido', NULL, NULL, NULL, NULL, NULL, NULL, NULL, NULL, NULL, NULL, NULL, NULL);
INSERT INTO pregunta (pregunta_id, publico, usuario_id, tipo, descripcion, question, link_question, answer, option_1, link_option_1, is_correct_1, option_2, link_option_2, is_correct_2, option_3, link_option_3, is_correct_3, option_4, link_option_4, is_correct_4) VALUES (10022, 'false', 10006, 'COMPLETA', 'Lea la siguiente frase y elija la palabra adecuada cuya descripcion se asemeja a la dada.', 'Objeto con cristal y patillas que nos sirve para mejor.', NULL, 'gafas', NULL, NULL, NULL, NULL, NULL, NULL, NULL, NULL, NULL, NULL, NULL, NULL);
INSERT INTO pregunta (pregunta_id, publico, usuario_id, tipo, descripcion, question, link_question, answer, option_1, link_option_1, is_correct_1, option_2, link_option_2, is_correct_2, option_3, link_option_3, is_correct_3, option_4, link_option_4, is_correct_4) VALUES (10023, 'false', 10006, 'COMPLETA', 'Lea la siguiente frase y elija la palabra adecuada cuya descripcion se asemeja a la dada.', 'Parte del cuerpo con la que olemos y respiramos.', NULL, 'nariz', NULL, NULL, NULL, NULL, NULL, NULL, NULL, NULL, NULL, NULL, NULL, NULL);
INSERT INTO pregunta (pregunta_id, publico, usuario_id, tipo, descripcion, question, link_question, answer, option_1, link_option_1, is_correct_1, option_2, link_option_2, is_correct_2, option_3, link_option_3, is_correct_3, option_4, link_option_4, is_correct_4) VALUES (10024, 'false', 10006, 'COMPLETA', 'Lea la siguiente frase y elija la palabra adecuada cuya descripcion se asemeja a la dada.', 'Fruta de color verde por fuera, blanca por dentro y con mucha agua.', NULL, 'pera', NULL, NULL, NULL, NULL, NULL, NULL, NULL, NULL, NULL, NULL, NULL, NULL);

---- Desciprcion II (completa)
INSERT INTO pregunta (pregunta_id, publico, usuario_id, tipo, descripcion, question, link_question, answer, option_1, link_option_1, is_correct_1, option_2, link_option_2, is_correct_2, option_3, link_option_3, is_correct_3, option_4, link_option_4, is_correct_4) VALUES (10025, 'false', 10006, 'COMPLETA', 'Lea la siguiente frase y elija la palabra adecuada cuya descripcion se asemeja a la dada.', 'Condimento para que la comida no este sosa', NULL, 'sal', NULL, NULL, NULL, NULL, NULL, NULL, NULL, NULL, NULL, NULL, NULL, NULL);
INSERT INTO pregunta (pregunta_id, publico, usuario_id, tipo, descripcion, question, link_question, answer, option_1, link_option_1, is_correct_1, option_2, link_option_2, is_correct_2, option_3, link_option_3, is_correct_3, option_4, link_option_4, is_correct_4) VALUES (10026, 'false', 10006, 'COMPLETA', 'Lea la siguiente frase y elija la palabra adecuada cuya descripcion se asemeja a la dada.', 'Con lo que se enciende un cigarrillo.', NULL, 'mechero', NULL, NULL, NULL, NULL, NULL, NULL, NULL, NULL, NULL, NULL, NULL, NULL);
INSERT INTO pregunta (pregunta_id, publico, usuario_id, tipo, descripcion, question, link_question, answer, option_1, link_option_1, is_correct_1, option_2, link_option_2, is_correct_2, option_3, link_option_3, is_correct_3, option_4, link_option_4, is_correct_4) VALUES (10027, 'false', 10006, 'COMPLETA', 'Lea la siguiente frase y elija la palabra adecuada cuya descripcion se asemeja a la dada.', 'Instrumento que utilziamos para tomar sopa.', NULL, 'cuchara', NULL, NULL, NULL, NULL, NULL, NULL, NULL, NULL, NULL, NULL, NULL, NULL);
INSERT INTO pregunta (pregunta_id, publico, usuario_id, tipo, descripcion, question, link_question, answer, option_1, link_option_1, is_correct_1, option_2, link_option_2, is_correct_2, option_3, link_option_3, is_correct_3, option_4, link_option_4, is_correct_4) VALUES (10028, 'false', 10006, 'COMPLETA', 'Lea la siguiente frase y elija la palabra adecuada cuya descripcion se asemeja a la dada.', 'Aquello que utilizamos para enjabonarnos las manos.', NULL, 'jabon', NULL, NULL, NULL, NULL, NULL, NULL, NULL, NULL, NULL, NULL, NULL, NULL);
INSERT INTO pregunta (pregunta_id, publico, usuario_id, tipo, descripcion, question, link_question, answer, option_1, link_option_1, is_correct_1, option_2, link_option_2, is_correct_2, option_3, link_option_3, is_correct_3, option_4, link_option_4, is_correct_4) VALUES (10029, 'false', 10006, 'COMPLETA', 'Lea la siguiente frase y elija la palabra adecuada cuya descripcion se asemeja a la dada.', 'Instrumento que usamos para cortar la comida.', NULL, 'cuchillo', NULL, NULL, NULL, NULL, NULL, NULL, NULL, NULL, NULL, NULL, NULL, NULL);
INSERT INTO pregunta (pregunta_id, publico, usuario_id, tipo, descripcion, question, link_question, answer, option_1, link_option_1, is_correct_1, option_2, link_option_2, is_correct_2, option_3, link_option_3, is_correct_3, option_4, link_option_4, is_correct_4) VALUES (10030, 'false', 10006, 'COMPLETA', 'Lea la siguiente frase y elija la palabra adecuada cuya descripcion se asemeja a la dada.', 'Objeto que nos ponemos en la muneca para saber la hora.', NULL, 'reloj', NULL, NULL, NULL, NULL, NULL, NULL, NULL, NULL, NULL, NULL, NULL, NULL);
INSERT INTO pregunta (pregunta_id, publico, usuario_id, tipo, descripcion, question, link_question, answer, option_1, link_option_1, is_correct_1, option_2, link_option_2, is_correct_2, option_3, link_option_3, is_correct_3, option_4, link_option_4, is_correct_4) VALUES (10031, 'false', 10006, 'COMPLETA', 'Lea la siguiente frase y elija la palabra adecuada cuya descripcion se asemeja a la dada.', 'Lo que utilizamos para hidratar la piel.', NULL, 'crema', NULL, NULL, NULL, NULL, NULL, NULL, NULL, NULL, NULL, NULL, NULL, NULL);
INSERT INTO pregunta (pregunta_id, publico, usuario_id, tipo, descripcion, question, link_question, answer, option_1, link_option_1, is_correct_1, option_2, link_option_2, is_correct_2, option_3, link_option_3, is_correct_3, option_4, link_option_4, is_correct_4) VALUES (10032, 'false', 10006, 'COMPLETA', 'Lea la siguiente frase y elija la palabra adecuada cuya descripcion se asemeja a la dada.', 'Bebida que se toma por la manana para espabilarnos.', NULL, 'cafe', NULL, NULL, NULL, NULL, NULL, NULL, NULL, NULL, NULL, NULL, NULL, NULL);

---- Figuras_Geometricas (unique + 3 completa)
INSERT INTO pregunta (pregunta_id, publico, usuario_id, tipo, descripcion, question, link_question, answer, option_1, link_option_1, is_correct_1, option_2, link_option_2, is_correct_2, option_3, link_option_3, is_correct_3, option_4, link_option_4, is_correct_4) VALUES (10033, 'true', 10006, 'UNIQUE', 'Seleccione la opción correcta.', 'De las figuras que te voy a decir a continuacion, cual no tiene lados rectos?', NULL, 'Circulo', 'Triangulo', NULL, 'false', 'Equilatero', NULL, 'false', 'Circulo', NULL, 'true', 'Cuadrado', NULL, 'false');
INSERT INTO pregunta (pregunta_id, publico, usuario_id, tipo, descripcion, question, link_question, answer, option_1, link_option_1, is_correct_1, option_2, link_option_2, is_correct_2, option_3, link_option_3, is_correct_3, option_4, link_option_4, is_correct_4) VALUES (10034, 'true', 10006, 'COMPLETA', 'Lea la siguiente frase y elija la palabra adecuada cuya descripcion se asemeja a la dada.', 'Figura geometrica de 7 lados:', NULL, 'heptagono', NULL, NULL, NULL, NULL, NULL, NULL, NULL, NULL, NULL, NULL, NULL, NULL);
INSERT INTO pregunta (pregunta_id, publico, usuario_id, tipo, descripcion, question, link_question, answer, option_1, link_option_1, is_correct_1, option_2, link_option_2, is_correct_2, option_3, link_option_3, is_correct_3, option_4, link_option_4, is_correct_4) VALUES (10035, 'true', 10006, 'COMPLETA', 'Conteste la pregunta correctamente.', 'Cuantos lados tiene un hexagono?', NULL, 'seis', NULL, NULL, NULL, NULL, NULL, NULL, NULL, NULL, NULL, NULL, NULL, NULL);
INSERT INTO pregunta (pregunta_id, publico, usuario_id, tipo, descripcion, question, link_question, answer, option_1, link_option_1, is_correct_1, option_2, link_option_2, is_correct_2, option_3, link_option_3, is_correct_3, option_4, link_option_4, is_correct_4) VALUES (10036, 'true', 10006, 'COMPLETA', 'Lea la siguiente frase y elija la palabra adecuada cuya descripcion se asemeja a la dada.', 'Figura de 4 lados y 4 puntas:', NULL, 'cuadrilatero', NULL, NULL, NULL, NULL, NULL, NULL, NULL, NULL, NULL, NULL, NULL, NULL);

---- Procesamiento_Numerico (completa)
INSERT INTO pregunta (pregunta_id, publico, usuario_id, tipo, descripcion, question, link_question, answer, option_1, link_option_1, is_correct_1, option_2, link_option_2, is_correct_2, option_3, link_option_3, is_correct_3, option_4, link_option_4, is_correct_4) VALUES (10037, 'false', 10003, 'COMPLETA', 'Complete el numero anterior y posterior del siguiente:', '125', NULL, '124,126', NULL, NULL, NULL, NULL, NULL, NULL, NULL, NULL, NULL, NULL, NULL, NULL);
INSERT INTO pregunta (pregunta_id, publico, usuario_id, tipo, descripcion, question, link_question, answer, option_1, link_option_1, is_correct_1, option_2, link_option_2, is_correct_2, option_3, link_option_3, is_correct_3, option_4, link_option_4, is_correct_4) VALUES (10038, 'false', 10003, 'COMPLETA', 'Complete el numero anterior y posterior del siguiente:', '387', NULL, '386,388', NULL, NULL, NULL, NULL, NULL, NULL, NULL, NULL, NULL, NULL, NULL, NULL);
INSERT INTO pregunta (pregunta_id, publico, usuario_id, tipo, descripcion, question, link_question, answer, option_1, link_option_1, is_correct_1, option_2, link_option_2, is_correct_2, option_3, link_option_3, is_correct_3, option_4, link_option_4, is_correct_4) VALUES (10039, 'false', 10003, 'COMPLETA', 'Complete el numero anterior y posterior del siguiente:', '111', NULL, '110,112', NULL, NULL, NULL, NULL, NULL, NULL, NULL, NULL, NULL, NULL, NULL, NULL);
INSERT INTO pregunta (pregunta_id, publico, usuario_id, tipo, descripcion, question, link_question, answer, option_1, link_option_1, is_correct_1, option_2, link_option_2, is_correct_2, option_3, link_option_3, is_correct_3, option_4, link_option_4, is_correct_4) VALUES (10040, 'false', 10003, 'COMPLETA', 'Complete el numero anterior y posterior del siguiente:', '234', NULL, '233,235', NULL, NULL, NULL, NULL, NULL, NULL, NULL, NULL, NULL, NULL, NULL, NULL);
INSERT INTO pregunta (pregunta_id, publico, usuario_id, tipo, descripcion, question, link_question, answer, option_1, link_option_1, is_correct_1, option_2, link_option_2, is_correct_2, option_3, link_option_3, is_correct_3, option_4, link_option_4, is_correct_4) VALUES (10041, 'false', 10003, 'COMPLETA', 'Complete el numero anterior y posterior del siguiente:', '654', NULL, '653,655', NULL, NULL, NULL, NULL, NULL, NULL, NULL, NULL, NULL, NULL, NULL, NULL);
INSERT INTO pregunta (pregunta_id, publico, usuario_id, tipo, descripcion, question, link_question, answer, option_1, link_option_1, is_correct_1, option_2, link_option_2, is_correct_2, option_3, link_option_3, is_correct_3, option_4, link_option_4, is_correct_4) VALUES (10042, 'false', 10003, 'COMPLETA', 'Complete el numero anterior y posterior del siguiente:', '799', NULL, '798,800', NULL, NULL, NULL, NULL, NULL, NULL, NULL, NULL, NULL, NULL, NULL, NULL);
INSERT INTO pregunta (pregunta_id, publico, usuario_id, tipo, descripcion, question, link_question, answer, option_1, link_option_1, is_correct_1, option_2, link_option_2, is_correct_2, option_3, link_option_3, is_correct_3, option_4, link_option_4, is_correct_4) VALUES (10043, 'false', 10003, 'COMPLETA', 'Complete el numero anterior y posterior del siguiente:', '348', NULL, '347,349', NULL, NULL, NULL, NULL, NULL, NULL, NULL, NULL, NULL, NULL, NULL, NULL);
INSERT INTO pregunta (pregunta_id, publico, usuario_id, tipo, descripcion, question, link_question, answer, option_1, link_option_1, is_correct_1, option_2, link_option_2, is_correct_2, option_3, link_option_3, is_correct_3, option_4, link_option_4, is_correct_4) VALUES (10044, 'false', 10003, 'COMPLETA', 'Complete el numero anterior y posterior del siguiente:', '876', NULL, '875,877', NULL, NULL, NULL, NULL, NULL, NULL, NULL, NULL, NULL, NULL, NULL, NULL);
INSERT INTO pregunta (pregunta_id, publico, usuario_id, tipo, descripcion, question, link_question, answer, option_1, link_option_1, is_correct_1, option_2, link_option_2, is_correct_2, option_3, link_option_3, is_correct_3, option_4, link_option_4, is_correct_4) VALUES (10045, 'false', 10003, 'COMPLETA', 'Complete el numero anterior y posterior del siguiente:', '321', NULL, '320,322', NULL, NULL, NULL, NULL, NULL, NULL, NULL, NULL, NULL, NULL, NULL, NULL);
INSERT INTO pregunta (pregunta_id, publico, usuario_id, tipo, descripcion, question, link_question, answer, option_1, link_option_1, is_correct_1, option_2, link_option_2, is_correct_2, option_3, link_option_3, is_correct_3, option_4, link_option_4, is_correct_4) VALUES (10046, 'false', 10003, 'COMPLETA', 'Complete el numero anterior y posterior del siguiente:', '490', NULL, '489,491', NULL, NULL, NULL, NULL, NULL, NULL, NULL, NULL, NULL, NULL, NULL, NULL);
INSERT INTO pregunta (pregunta_id, publico, usuario_id, tipo, descripcion, question, link_question, answer, option_1, link_option_1, is_correct_1, option_2, link_option_2, is_correct_2, option_3, link_option_3, is_correct_3, option_4, link_option_4, is_correct_4) VALUES (10047, 'false', 10003, 'COMPLETA', 'Complete el numero anterior y posterior del siguiente:', '610', NULL, '609,611', NULL, NULL, NULL, NULL, NULL, NULL, NULL, NULL, NULL, NULL, NULL, NULL);
INSERT INTO pregunta (pregunta_id, publico, usuario_id, tipo, descripcion, question, link_question, answer, option_1, link_option_1, is_correct_1, option_2, link_option_2, is_correct_2, option_3, link_option_3, is_correct_3, option_4, link_option_4, is_correct_4) VALUES (10048, 'false', 10003, 'COMPLETA', 'Complete el numero anterior y posterior del siguiente:', '465', NULL, '464,466', NULL, NULL, NULL, NULL, NULL, NULL, NULL, NULL, NULL, NULL, NULL, NULL);
INSERT INTO pregunta (pregunta_id, publico, usuario_id, tipo, descripcion, question, link_question, answer, option_1, link_option_1, is_correct_1, option_2, link_option_2, is_correct_2, option_3, link_option_3, is_correct_3, option_4, link_option_4, is_correct_4) VALUES (10049, 'false', 10003, 'COMPLETA', 'Complete el numero anterior y posterior del siguiente:', '60', NULL, '59,61', NULL, NULL, NULL, NULL, NULL, NULL, NULL, NULL, NULL, NULL, NULL, NULL);
INSERT INTO pregunta (pregunta_id, publico, usuario_id, tipo, descripcion, question, link_question, answer, option_1, link_option_1, is_correct_1, option_2, link_option_2, is_correct_2, option_3, link_option_3, is_correct_3, option_4, link_option_4, is_correct_4) VALUES (10050, 'false', 10003, 'COMPLETA', 'Complete el numero anterior y posterior del siguiente:', '120', NULL, '119,121', NULL, NULL, NULL, NULL, NULL, NULL, NULL, NULL, NULL, NULL, NULL, NULL);
INSERT INTO pregunta (pregunta_id, publico, usuario_id, tipo, descripcion, question, link_question, answer, option_1, link_option_1, is_correct_1, option_2, link_option_2, is_correct_2, option_3, link_option_3, is_correct_3, option_4, link_option_4, is_correct_4) VALUES (10051, 'false', 10003, 'COMPLETA', 'Complete el numero anterior y posterior del siguiente:', '88', NULL, '87,89', NULL, NULL, NULL, NULL, NULL, NULL, NULL, NULL, NULL, NULL, NULL, NULL);
INSERT INTO pregunta (pregunta_id, publico, usuario_id, tipo, descripcion, question, link_question, answer, option_1, link_option_1, is_correct_1, option_2, link_option_2, is_correct_2, option_3, link_option_3, is_correct_3, option_4, link_option_4, is_correct_4) VALUES (10052, 'false', 10003, 'COMPLETA', 'Complete el numero anterior y posterior del siguiente:', '99', NULL, '98,100', NULL, NULL, NULL, NULL, NULL, NULL, NULL, NULL, NULL, NULL, NULL, NULL);
INSERT INTO pregunta (pregunta_id, publico, usuario_id, tipo, descripcion, question, link_question, answer, option_1, link_option_1, is_correct_1, option_2, link_option_2, is_correct_2, option_3, link_option_3, is_correct_3, option_4, link_option_4, is_correct_4) VALUES (10053, 'false', 10003, 'COMPLETA', 'Complete el numero anterior y posterior del siguiente:', '1', NULL, '0,2', NULL, NULL, NULL, NULL, NULL, NULL, NULL, NULL, NULL, NULL, NULL, NULL);
INSERT INTO pregunta (pregunta_id, publico, usuario_id, tipo, descripcion, question, link_question, answer, option_1, link_option_1, is_correct_1, option_2, link_option_2, is_correct_2, option_3, link_option_3, is_correct_3, option_4, link_option_4, is_correct_4) VALUES (10054, 'false', 10003, 'COMPLETA', 'Complete el numero anterior y posterior del siguiente:', '935', NULL, '934,936', NULL, NULL, NULL, NULL, NULL, NULL, NULL, NULL, NULL, NULL, NULL, NULL);
INSERT INTO pregunta (pregunta_id, publico, usuario_id, tipo, descripcion, question, link_question, answer, option_1, link_option_1, is_correct_1, option_2, link_option_2, is_correct_2, option_3, link_option_3, is_correct_3, option_4, link_option_4, is_correct_4) VALUES (10055, 'false', 10003, 'COMPLETA', 'Complete el numero anterior y posterior del siguiente:', '121', NULL, '120,122', NULL, NULL, NULL, NULL, NULL, NULL, NULL, NULL, NULL, NULL, NULL, NULL);
INSERT INTO pregunta (pregunta_id, publico, usuario_id, tipo, descripcion, question, link_question, answer, option_1, link_option_1, is_correct_1, option_2, link_option_2, is_correct_2, option_3, link_option_3, is_correct_3, option_4, link_option_4, is_correct_4) VALUES (10056, 'false', 10003, 'COMPLETA', 'Complete el numero anterior y posterior del siguiente:', '355', NULL, '354,356', NULL, NULL, NULL, NULL, NULL, NULL, NULL, NULL, NULL, NULL, NULL, NULL);

---- Selecciona_Numero_Mayor (unique)
INSERT INTO pregunta (pregunta_id, publico, usuario_id, tipo, descripcion, question, link_question, answer, option_1, link_option_1, is_correct_1, option_2, link_option_2, is_correct_2, option_3, link_option_3, is_correct_3, option_4, link_option_4, is_correct_4) VALUES (10057, 'false', 10006, 'UNIQUE', 'Selecciona la opcion correcta.', 'Seleccione el numero mayor.', NULL, '21', '21', NULL, 'true', '12', NULL, 'false', NULL, NULL, NULL, NULL, NULL, NULL);
INSERT INTO pregunta (pregunta_id, publico, usuario_id, tipo, descripcion, question, link_question, answer, option_1, link_option_1, is_correct_1, option_2, link_option_2, is_correct_2, option_3, link_option_3, is_correct_3, option_4, link_option_4, is_correct_4) VALUES (10058, 'false', 10006, 'UNIQUE', 'Selecciona la opcion correcta.', 'Seleccione el numero mayor.', NULL, '31', '13', NULL, 'false', '31', NULL, 'true', NULL, NULL, NULL, NULL, NULL, NULL);
INSERT INTO pregunta (pregunta_id, publico, usuario_id, tipo, descripcion, question, link_question, answer, option_1, link_option_1, is_correct_1, option_2, link_option_2, is_correct_2, option_3, link_option_3, is_correct_3, option_4, link_option_4, is_correct_4) VALUES (10059, 'false', 10006, 'UNIQUE', 'Selecciona la opcion correcta.', 'Seleccione el numero mayor.', NULL, '23', '14', NULL, 'false', '23', NULL, 'true', NULL, NULL, NULL, NULL, NULL, NULL);
INSERT INTO pregunta (pregunta_id, publico, usuario_id, tipo, descripcion, question, link_question, answer, option_1, link_option_1, is_correct_1, option_2, link_option_2, is_correct_2, option_3, link_option_3, is_correct_3, option_4, link_option_4, is_correct_4) VALUES (10060, 'false', 10006, 'UNIQUE', 'Selecciona la opcion correcta.', 'Seleccione el numero mayor.', NULL, '29', '29', NULL, 'true', '20', NULL, 'false', NULL, NULL, NULL, NULL, NULL, NULL);
INSERT INTO pregunta (pregunta_id, publico, usuario_id, tipo, descripcion, question, link_question, answer, option_1, link_option_1, is_correct_1, option_2, link_option_2, is_correct_2, option_3, link_option_3, is_correct_3, option_4, link_option_4, is_correct_4) VALUES (10061, 'false', 10006, 'UNIQUE', 'Selecciona la opcion correcta.', 'Seleccione el numero mayor.', NULL, '35', '26', NULL, 'false', '35', NULL, 'true', NULL, NULL, NULL, NULL, NULL, NULL);
INSERT INTO pregunta (pregunta_id, publico, usuario_id, tipo, descripcion, question, link_question, answer, option_1, link_option_1, is_correct_1, option_2, link_option_2, is_correct_2, option_3, link_option_3, is_correct_3, option_4, link_option_4, is_correct_4) VALUES (10062, 'false', 10006, 'UNIQUE', 'Selecciona la opcion correcta.', 'Seleccione el numero mayor.', NULL, '13', '11', NULL, 'false', '13', NULL, 'true', NULL, NULL, NULL, NULL, NULL, NULL);
INSERT INTO pregunta (pregunta_id, publico, usuario_id, tipo, descripcion, question, link_question, answer, option_1, link_option_1, is_correct_1, option_2, link_option_2, is_correct_2, option_3, link_option_3, is_correct_3, option_4, link_option_4, is_correct_4) VALUES (10063, 'false', 10006, 'UNIQUE', 'Selecciona la opcion correcta.', 'Seleccione el numero mayor.', NULL, '52', '52', NULL, 'true', '25', NULL, 'false', NULL, NULL, NULL, NULL, NULL, NULL);
INSERT INTO pregunta (pregunta_id, publico, usuario_id, tipo, descripcion, question, link_question, answer, option_1, link_option_1, is_correct_1, option_2, link_option_2, is_correct_2, option_3, link_option_3, is_correct_3, option_4, link_option_4, is_correct_4) VALUES (10064, 'false', 10006, 'UNIQUE', 'Selecciona la opcion correcta.', 'Seleccione el numero mayor.', NULL, '23', '13', NULL, 'false', '23', NULL, 'true', NULL, NULL, NULL, NULL, NULL, NULL);
INSERT INTO pregunta (pregunta_id, publico, usuario_id, tipo, descripcion, question, link_question, answer, option_1, link_option_1, is_correct_1, option_2, link_option_2, is_correct_2, option_3, link_option_3, is_correct_3, option_4, link_option_4, is_correct_4) VALUES (10065, 'false', 10006, 'UNIQUE', 'Selecciona la opcion correcta.', 'Seleccione el numero mayor.', NULL, '24', '24', NULL, 'true', '12', NULL, 'false', NULL, NULL, NULL, NULL, NULL, NULL);
INSERT INTO pregunta (pregunta_id, publico, usuario_id, tipo, descripcion, question, link_question, answer, option_1, link_option_1, is_correct_1, option_2, link_option_2, is_correct_2, option_3, link_option_3, is_correct_3, option_4, link_option_4, is_correct_4) VALUES (10066, 'false', 10006, 'UNIQUE', 'Selecciona la opcion correcta.', 'Seleccione el numero mayor.', NULL, '23', '11', NULL, 'false', '23', NULL, 'true', NULL, NULL, NULL, NULL, NULL, NULL);
INSERT INTO pregunta (pregunta_id, publico, usuario_id, tipo, descripcion, question, link_question, answer, option_1, link_option_1, is_correct_1, option_2, link_option_2, is_correct_2, option_3, link_option_3, is_correct_3, option_4, link_option_4, is_correct_4) VALUES (10067, 'false', 10006, 'UNIQUE', 'Selecciona la opcion correcta.', 'Seleccione el numero mayor.', NULL, '28', '28', NULL, 'true', '13', NULL, 'false', NULL, NULL, NULL, NULL, NULL, NULL);
INSERT INTO pregunta (pregunta_id, publico, usuario_id, tipo, descripcion, question, link_question, answer, option_1, link_option_1, is_correct_1, option_2, link_option_2, is_correct_2, option_3, link_option_3, is_correct_3, option_4, link_option_4, is_correct_4) VALUES (10068, 'false', 10006, 'UNIQUE', 'Selecciona la opcion correcta.', 'Seleccione el numero mayor.', NULL, '25', '25', NULL, 'true', '23', NULL, 'false', NULL, NULL, NULL, NULL, NULL, NULL);

---- Seleccionar_Palabras_Contienen_Letra (multi)
INSERT INTO pregunta (pregunta_id, publico, usuario_id, tipo, descripcion, question, link_question, answer, option_1, link_option_1, is_correct_1, option_2, link_option_2, is_correct_2, option_3, link_option_3, is_correct_3, option_4, link_option_4, is_correct_4) VALUES (10069, 'true', 10003, 'MULTI', 'Selecciona las opciones correctas.', 'Que palabras contienen la letra R?', NULL, 'Invernadero;Raqueta;Invierno;Tormenta', 'Invernadero', NULL, 'true', 'Raqueta', NULL, 'true', 'Invierno', NULL, 'true', 'Tormenta', NULL, 'true');
INSERT INTO pregunta (pregunta_id, publico, usuario_id, tipo, descripcion, question, link_question, answer, option_1, link_option_1, is_correct_1, option_2, link_option_2, is_correct_2, option_3, link_option_3, is_correct_3, option_4, link_option_4, is_correct_4) VALUES (10070, 'false', 10003, 'MULTI', 'Selecciona las opciones correctas.', 'Que palabras contienen la letra R?', NULL, 'Trineo;Rafaga;Ingeniero', 'Alcachofa', NULL, 'false', 'Trineo', NULL, 'true', 'Rafaga', NULL, 'true', 'Ingeniero', NULL, 'true');
INSERT INTO pregunta (pregunta_id, publico, usuario_id, tipo, descripcion, question, link_question, answer, option_1, link_option_1, is_correct_1, option_2, link_option_2, is_correct_2, option_3, link_option_3, is_correct_3, option_4, link_option_4, is_correct_4) VALUES (10071, 'false', 10003, 'MULTI', 'Selecciona las opciones correctas.', 'Que palabras contienen la letra R?', NULL, 'Investigador;Rompecabeza;Carretera;Armario', 'Investigador', NULL, 'true', 'Rompecabeza', NULL, 'true', 'Carretera', NULL, 'true', 'Armario', NULL, 'true');
INSERT INTO pregunta (pregunta_id, publico, usuario_id, tipo, descripcion, question, link_question, answer, option_1, link_option_1, is_correct_1, option_2, link_option_2, is_correct_2, option_3, link_option_3, is_correct_3, option_4, link_option_4, is_correct_4) VALUES (10072, 'false', 10003, 'MULTI', 'Selecciona las opciones correctas.', 'Que palabras contienen la letra R?', NULL, 'Calefactor;Difusor;Rotulador', 'Calefactor', NULL, 'true', 'Difusor', NULL, 'true', 'Mesa', NULL, 'false', 'Rotulador', NULL, 'true');
INSERT INTO pregunta (pregunta_id, publico, usuario_id, tipo, descripcion, question, link_question, answer, option_1, link_option_1, is_correct_1, option_2, link_option_2, is_correct_2, option_3, link_option_3, is_correct_3, option_4, link_option_4, is_correct_4) VALUES (10073, 'false', 10003, 'MULTI', 'Selecciona las opciones correctas.', 'Que palabras contienen la letra R?', NULL, 'Almendro;Astronauta;Archivador;Imperio', 'Almendro', NULL, 'true', 'Astronauta', NULL, 'true', 'Archivador', NULL, 'true', 'Imperio', NULL, 'true');
INSERT INTO pregunta (pregunta_id, publico, usuario_id, tipo, descripcion, question, link_question, answer, option_1, link_option_1, is_correct_1, option_2, link_option_2, is_correct_2, option_3, link_option_3, is_correct_3, option_4, link_option_4, is_correct_4) VALUES (10074, 'false', 10003, 'MULTI', 'Selecciona las opciones correctas.', 'Que palabras contienen la letra R?', NULL, 'Esfuerzo;Ruido', 'Esfuerzo', NULL, 'true', 'Almidon', NULL, 'false', 'Ruido', NULL, 'true', 'Onomastico', NULL, 'false');
INSERT INTO pregunta (pregunta_id, publico, usuario_id, tipo, descripcion, question, link_question, answer, option_1, link_option_1, is_correct_1, option_2, link_option_2, is_correct_2, option_3, link_option_3, is_correct_3, option_4, link_option_4, is_correct_4) VALUES (10075, 'false', 10003, 'MULTI', 'Selecciona las opciones correctas.', 'Que palabras contienen la letra R?', NULL, 'Astillero;Refuerzo', 'Astillero', NULL, 'true', 'Refuerzo', NULL, 'true', 'Almanaque', NULL, 'false', 'Ayunamiento', NULL, 'false');
INSERT INTO pregunta (pregunta_id, publico, usuario_id, tipo, descripcion, question, link_question, answer, option_1, link_option_1, is_correct_1, option_2, link_option_2, is_correct_2, option_3, link_option_3, is_correct_3, option_4, link_option_4, is_correct_4) VALUES (10076, 'false', 10003, 'MULTI', 'Selecciona las opciones correctas.', 'Que palabras contienen la letra R?', NULL, 'Granjero;Exprimidor;Perro', 'Granjero', NULL, 'true', 'Exprimidor', NULL, 'true', 'Movil', NULL, 'false', 'Perro', NULL, 'true');
INSERT INTO pregunta (pregunta_id, publico, usuario_id, tipo, descripcion, question, link_question, answer, option_1, link_option_1, is_correct_1, option_2, link_option_2, is_correct_2, option_3, link_option_3, is_correct_3, option_4, link_option_4, is_correct_4) VALUES (10077, 'false', 10003, 'MULTI', 'Selecciona las opciones correctas.', 'Que palabras contienen la letra R?', NULL, 'Organico;Interactuar;Mascarilla', 'Organico', NULL, 'true', 'Interactuar', NULL, 'true', 'Galaxia', NULL, 'false', 'Mascarilla', NULL, 'true');
INSERT INTO pregunta (pregunta_id, publico, usuario_id, tipo, descripcion, question, link_question, answer, option_1, link_option_1, is_correct_1, option_2, link_option_2, is_correct_2, option_3, link_option_3, is_correct_3, option_4, link_option_4, is_correct_4) VALUES (10078, 'false', 10003, 'MULTI', 'Selecciona las opciones correctas.', 'Que palabras contienen la letra R?', NULL, 'Lanjaron;Mandatorio', 'Butano', NULL, 'false', 'Lanjaron', NULL, 'true', 'Mandatorio', NULL, 'true', 'Moneda', NULL, 'false');
INSERT INTO pregunta (pregunta_id, publico, usuario_id, tipo, descripcion, question, link_question, answer, option_1, link_option_1, is_correct_1, option_2, link_option_2, is_correct_2, option_3, link_option_3, is_correct_3, option_4, link_option_4, is_correct_4) VALUES (10079, 'false', 10003, 'MULTI', 'Selecciona las opciones correctas.', 'Que palabras contienen la letra R?', NULL, 'Cuchara', 'Enchufes', NULL, 'false', 'Enojo', NULL, 'false', 'Cuchara', NULL, 'true', 'Longaniza', NULL, 'false');
INSERT INTO pregunta (pregunta_id, publico, usuario_id, tipo, descripcion, question, link_question, answer, option_1, link_option_1, is_correct_1, option_2, link_option_2, is_correct_2, option_3, link_option_3, is_correct_3, option_4, link_option_4, is_correct_4) VALUES (10080, 'false', 10003, 'MULTI', 'Selecciona las opciones correctas.', 'Que palabras contienen la letra R?', NULL, 'Esmeralda;Inverso', 'Esmeralda', NULL, 'true', 'Inverso', NULL, 'true', 'Diamante', NULL, 'false', 'Limpieza', NULL, 'false');

-------------------------------------------------
-- RECORDATORIOS
INSERT INTO recordatorio (recordatorio_id, usuario_id, fecha, etiqueta, descripcion) VALUES (10001,10002,'2022-05-12 12:30:00','Etiqueta','Descripcion');

-------------------------------------------------
-- INFORMES PROGRAMA
INSERT INTO informe_programa (informe_programa_id, programa_id, usuario_id, progreso, aciertos, fallos, observaciones) VALUES (10001,10001,10002,0,0,0,'Sin observaciones.');
INSERT INTO informe_programa (informe_programa_id, programa_id, usuario_id, progreso, aciertos, fallos, observaciones) VALUES (10002,10002,10002,0,0,0,'Sin observaciones.');

-- INFORMES EJERCICIO
INSERT INTO informe_ejercicio (informe_ejercicio_id, programa_id, ejercicio_id, usuario_id, aciertos, fallos, observaciones, finalizado) VALUES (10001,10002,10001,10002,0,0,'Sin observaciones.','false');
INSERT INTO informe_ejercicio (informe_ejercicio_id, programa_id, ejercicio_id, usuario_id, aciertos, fallos, observaciones, finalizado) VALUES (10002,10002,10002,10002,0,0,'Sin observaciones.','false');

-- INFORMES PREGUNTA
INSERT INTO informe_pregunta (informe_pregunta_id, programa_id, ejercicio_id, pregunta_id, usuario_id, respuesta, resultado) VALUES (10001,10002,10001,10002,10002,NULL,'false');
INSERT INTO informe_pregunta (informe_pregunta_id, programa_id, ejercicio_id, pregunta_id, usuario_id, respuesta, resultado) VALUES (10002,10002,10001,10003,10002,NULL,'false');
INSERT INTO informe_pregunta (informe_pregunta_id, programa_id, ejercicio_id, pregunta_id, usuario_id, respuesta, resultado) VALUES (10003,10002,10002,10004,10002,NULL,'false');
INSERT INTO informe_pregunta (informe_pregunta_id, programa_id, ejercicio_id, pregunta_id, usuario_id, respuesta, resultado) VALUES (10004,10002,10002,10005,10002,NULL,'false');
INSERT INTO informe_pregunta (informe_pregunta_id, programa_id, ejercicio_id, pregunta_id, usuario_id, respuesta, resultado) VALUES (10005,10002,10002,10006,10002,NULL,'false');
INSERT INTO informe_pregunta (informe_pregunta_id, programa_id, ejercicio_id, pregunta_id, usuario_id, respuesta, resultado) VALUES (10006,10002,10002,10069,10002,NULL,'false');

-------------------------------------------------
-- SUSCRIPCIONES (PARTICIPANTE/PROGRAMA)
INSERT INTO participante_programa (partpro_id, usuario_id, programa_id) VALUES (10001,10002,10001);
INSERT INTO participante_programa (partpro_id, usuario_id, programa_id) VALUES (10002,10002,10002);

-------------------------------------------------
-- PROGRAMA/EJERCICIO
INSERT INTO programa_ejercicio (pej_id, programa_id, ejercicio_id) VALUES (10001,10002,10001);
INSERT INTO programa_ejercicio (pej_id, programa_id, ejercicio_id) VALUES (10002,10002,10002);

-------------------------------------------------
-- EJERCICIO/PREGUNTA
INSERT INTO ejercicio_pregunta (ejpre_id, ejercicio_id, pregunta_id) VALUES (10001,10001,10002);
INSERT INTO ejercicio_pregunta (ejpre_id, ejercicio_id, pregunta_id) VALUES (10002,10001,10003);
INSERT INTO ejercicio_pregunta (ejpre_id, ejercicio_id, pregunta_id) VALUES (10003,10002,10004);
INSERT INTO ejercicio_pregunta (ejpre_id, ejercicio_id, pregunta_id) VALUES (10004,10002,10005);
INSERT INTO ejercicio_pregunta (ejpre_id, ejercicio_id, pregunta_id) VALUES (10005,10002,10006);
INSERT INTO ejercicio_pregunta (ejpre_id, ejercicio_id, pregunta_id) VALUES (10006,10002,10069);

--------------------------------------------------
-- USUARIO/CUIDADOR

INSERT INTO usuario_cuidador (usuario_cuidador_id, usuario_id, cuidador_id) VALUES (10001,10002,10001);
INSERT INTO usuario_cuidador (usuario_cuidador_id, usuario_id, cuidador_id) VALUES (10002,10004,10001);
INSERT INTO usuario_cuidador (usuario_cuidador_id, usuario_id, cuidador_id) VALUES (10003,10005,10001);

--------------------------------------------------
-- USUARIO/ESPECIALISTA

INSERT INTO usuario_especialista (usuario_especialista_id, usuario_id, especialista_id) VALUES (10001,10002,10003);